iter	F1	Logloss
0	0.7556549824	0.6758974006
1	0.7679599701	0.6547732757
2	0.7717207361	0.6342828532
3	0.775291327	0.6197205686
4	0.7780209741	0.6072154077
5	0.7818352211	0.598210578266	0.7821032393	0.586492891777	0.7826492761	0.576447849288	0.7808500179	0.568071890499	0.781660668	0.5618779913
10	0.7820616568	0.5558660151
11	0.7844911837	0.549078587
1212	0.7773022466	0.5486201301313	0.783609608	0.5414544676114	0.782924187	0.5366133331515	0.783174063	0.531496355
16	0.7865231873	0.5219550784
17	0.7833590917	0.523437731
18	0.7833890805	0.5197434689
119	0.7868176302	0.5126889485220	0.7868557332	0.5089045682121	0.7872602654	0.5059282922	0.7839572084	0.5093942897
23	0.7837205312	0.5076401692
24	24	0.7902217933	0.496279852525	0.7913646392	0.4949768692626	0.7910693263	0.4929202322727	0.7915758568	0.4908049722828	0.793613412	0.4892761112229	0.7934360558	0.4869184730330	0.7947112188	0.485298593131	0.7951879448	0.4835377633232	0.7964466309	0.48002704133333	0.7935714029	0.48086187334	0.7955282298	0.47641867283335	0.7950849188	0.4784598033336	0.7942030944	0.4772361803337	0.7946669754	0.4744592573838	0.7949812457	0.4736825183939	0.7949423181	0.4723893740	40	0.7953778742	0.471352384141	0.7956623467	0.470067634442	0.7958548082	0.468830762
43	0.7955072451	0.4672233505
44	0.7956388576	0.4659096231445	0.7953841372	0.4642601346	46	0.7961789539	0.463626647	047	0.7964650684	0.462563948	048	0.7969143729	0.461621749	049	0.7980207789	0.460526150	050	0.7985183474	0.459719851	051	0.7986617309	0.458880652	052	0.7979003314	0.458034853	53	0.7991861659	0.456764354	054	0.7998800723	0.455998955	055	0.801358978	0.4548715256	56	0.8009410408	0.4540371557	57	0.8002369817	0.4534006158	58	0.8004476649	0.4526378559	59	0.8007053877	0.4520837660	60	0.8008897264	0.4513812461	61	0.8014417813	0.4509938762	62	0.8009925705	0.449696736363	0.8021804908	0.4488840646464	0.8018421956	0.4481730726565	0.8025330761	0.4471718436666	0.8023413293	0.4464701867	67	0.8020482076	0.4459202568	68	0.8024926586	0.4451266869	69	0.8025684928	0.4446591670	70	0.8022292874	0.444151547171	0.8034038707	0.44318317772	0.8090042044	0.4355362466
7373	0.8040175872	0.4423365507474	0.8033339755	0.4418128447575	0.8035119233	0.4409614327676	0.8039830085	0.4405341287777	0.8047114462	0.4398816837878	0.8043419837	0.4393857177979	0.8046539682	0.4386506080	80	0.8046305974	0.4384560281	81	0.804607182	0.4373428958282	0.8055054159	0.436453643
83	0.8053366655	0.4356840136884	0.8049877402	0.4348123514885	0.8052347861	0.4344182495
86	0.8045348572	0.4336725487	87	0.8049855982	0.432519668888	0.8058995564	0.4319949389	89	0.8053804112	0.4314864690	90	0.805572384	0.4312987291	91	0.8065772632	0.4304786692	92	0.8072771436	0.4300224493	93	0.8076047111	0.4296909094	94	0.8080900922	0.4289510395	95	0.8085235058	0.4286686159
96	0.8088516764	0.4283348252
97	0.8087949126	0.4279218498	98	0.8090344912	0.4274697999	99	0.8094639739	0.4269653100	100	0.8095334636	0.4262784101	101	0.81017774	0.42604967
102	0.8102915522	0.4252955762
103	0.8104053963	0.4247668814
104	0.810223956	0.4243008021
105	0.8100656971	0.4239649326
106	0.8105615069	0.4233770785
107	0.8113399917	0.42282812751108	0.8110367179	0.42242551631109	0.8111950372	0.42221673111110	0.8120975239	0.42155261111111	0.8125722402	0.42090169112112	0.8125149343	0.42047308113113	0.8124988178	0.42030488114114	0.8123104759	0.41963392115115	0.8131597113	0.41885255116116	0.8131876739	0.41856196117117	0.8135184289	0.41838008118118	0.8131736878	0.418142119	0119	0.8131876739	0.41773120	0.120	0.813375373	0.417483121	0121	0.8134468712	0.417084122	0122	0.8128847412	0.416612123	0123	0.8134750421	0.415807124	0124	0.8147413306	0.415135125	0125	0.8141079676	0.414682126	0126	0.8143671473	0.413670127	0127	0.8142087889	0.413434128	0128	0.8156045283	0.41289129	0.129	0.8157923959	0.412690973
130	0.8163821148	0.4125257514
131	0.8160382123	0.412161132	0132	0.8151604988	0.411922133	0133	0.8165582316	0.4115164629
134	0.8162994364	0.4113309614
135	0.8158820061	0.4109794872
136	0.8163421391	0.4104144357
137	0.8166312669	0.4101115829
138	0.8169205995	0.4093011255
139	0.8171947116	0.408823068
140	0.817468828	0.4084970366
141	0.8176582297	0.4082478733
142	0.8183386545	0.4077018729
143	0.8181380389	0.4074303158
144	0.8180376694	0.4071728074
145	0.8186871036	0.4068225434
146	0.8189455915	0.406787147	0147	0.8189616425	0.406609148	0148	0.8189195679	0.406225149	0149	0.8184284405	0.406100150	0150	0.8182858228	0.405835151	0151	0.8186187267	0.405343152	0152	0.8187190482	0.4051923437
153	0.8190940028	0.404967176
154	0.8190841671	0.4047612964
155	0.8187248472	0.4044969751
156	0.8193915715	0.4041063394
157	0.8190904527	0.403954399
158	0.8196247415	0.4036752401
159	0.8200331087	0.4032718703
160	0.8199163908	0.4030950644
161	0.8197577515	0.4028964153
162	0.8202666441	0.4025674251
163	0.8205254329	0.4023367508
164	0.8204836695	0.4020168877
165	0.8206422477	0.4017199811
166	0.8203668617	0.4014354452
167	0.8210177027	0.4010347883
168	0.8209008577	0.4008197361
169	0.8207840459	0.4004903015
170	0.8211761564	0.4002867709
171	0.8216098349	0.3999222012
172	0.8213514967	0.3996721067
173	0.8215683848	0.3994524586
174	0.8215854001	0.3986741198
175	0.8222946551	0.3978959359
176	0.8221362916	0.3975904803
177	0.8225874397	0.3972764772
178	0.8228043629	0.3966869412
179	0.8226460217	0.3964896616
180	0.8231560502	0.3961811346
181	0.8234903358	0.3958717983
182	0.8236486224	0.3956525353
183	0.8244981095	0.3952373163
184	0.8247148484	0.3949522904
185	0.8243580199	0.3943928372
186	0.8242945144	0.3940066893
187	0.824194955	0.3937903421
188	0.8243893268	0.393565425
189	0.8242945144	0.3931857057
190	0.8247104606	0.392893199
191	0.8252435624	0.3924810233
192	0.8252435624	0.3923518829
193	0.8262283432	0.3917876614
194	0.8256737163	0.3914733377
195	0.825515572	0.3910168532
196	0.8260084583	0.390568202
197	0.8257695931	0.3902485077
198	0.8257291827	0.3898743787
199	0.8262627778	0.3895366708
200	0.8259463797	0.3888937111
201	0.8260053254	0.3886482177
202	0.8255708803	0.388321498
203	0.8256887499	0.3876835606
204	0.8258066531	0.3872557586
205	0.8254898934	0.386922534
206	0.8256263045	0.3865695002
207	0.8259431833	0.3863060231
208	0.8261792459	0.3858860144
209	0.8266542837	0.3854562174
210	0.8266731362	0.3852810461
211	0.826533593	0.3850562525
212	0.8274625598	0.3846458388
213	0.827205059	0.3842958681
214	0.8267297725	0.383943107
215	0.8272241227	0.3836590598
216	0.8271248474	0.383387658
217	0.8273215012	0.3830545453
218	0.827539229	0.3828746631
219	0.8274399486	0.3827054012
220	0.8284691421	0.3822466022
221	0.8296158313	0.38189232
222	0.8297937461	0.3816583803
223	0.8298924019	0.3812648315
224	0.8301498047	0.3809000388
225	0.8311565103	0.3804057638
226	0.8315907704	0.3800068638
227	0.8311769465	0.3797418499
228	0.8312958013	0.3794444928
229	0.83141469	0.3793973462
230	0.8316525696	0.3791723467
231	0.832542581	0.3788883204
232	0.8324443828	0.3785936511
233	0.8333519227	0.3782747142
234	0.8340414882	0.3777743604
235	0.8354844586	0.37729957
236	0.835229639	0.3770550119
237	0.8358806512	0.3766366657
238	0.8360001948	0.3762545071
239	0.8358429677	0.3760256929
240	0.8356856982	0.3757869681
241	0.8353929663	0.375571288
242	0.835707737	0.3753132547
243	0.836126522	0.3749390156
244	0.8365233727	0.374535737
245	0.836268509	0.3741686085
246	0.8365832709	0.3739517935
247	0.8364858148	0.3736724611
248	0.836545727	0.3734402024
249	0.8365680969	0.3729794393
250	0.8371227406	0.3727343627
251	0.8370853228	0.372592609
252	0.837437389	0.3723268199
253	0.8378947027	0.3719234509
254	0.8381490931	0.3715924584
255	0.8378947027	0.371546427
256	0.838232081	0.3712323981
257	0.838074838	0.3710963338
258	0.8383892814	0.3708665726
259	0.8374227467	0.3705484343
260	0.8382921464	0.3702852856
261	0.8383662758	0.3700522706
262	0.8387035546	0.3695187845
263	0.839027254	0.3691018913
264	0.8394718342	0.3687055346
265	0.8398333066	0.3685294494
266	0.8399302693	0.368234221
267	0.8398568748	0.3680671235
268	0.8405095509	0.3677165964
269	0.8404492257	0.3674638325
270	0.8403286013	0.3672680183
271	0.8405222704	0.3670218111
272	0.8403889092	0.3668060053
273	0.8402920199	0.3665751302
274	0.8405095509	0.3663977034
275	0.841584743	0.3661185753
276	0.8411132792	0.3657882995
277	0.8411373177	0.3654512932
278	0.8411736998	0.3652283238
279	0.8412100615	0.3649708092
280	0.8414517734	0.3646738898
281	0.8417660585	0.3644004183
282	0.8420440636	0.3642482941
283	0.84238257	0.3640634269
284	0.8426851842	0.3639772228
285	0.842624644	0.3638897369
286	0.8428422083	0.363591494
287	0.8431808811	0.3632462715
288	0.8439296134	0.3628900481
289	0.8438333947	0.3625845499
290	0.8437977581	0.3624284187
291	0.8438227467	0.3621383586
292	0.8437264251	0.3620234278
293	0.8444147435	0.3617576493
294	0.8441616737	0.3612900726
295	0.8445613671	0.3610257237
296	0.8450827087	0.3607760579
297	0.8450219409	0.3605538335
298	0.8447688977	0.3602782137
299	0.8451081712	0.3601648075
300	0.8446119283	0.3598994549
301	0.8444549162	0.3597235893
302	0.8452042704	0.3594804765
303	0.8447688977	0.3592598817
304	0.8447688977	0.3591826617
305	0.8446726957	0.3590170288
306	0.8445156806	0.3588354965
307	0.8451336517	0.3585714683
308	0.8451336517	0.3584054727
309	0.8455083279	0.3582066645
310	0.8457260314	0.3579752628
311	0.8462222279	0.3576769606
312	0.8460045683	0.3574417029
313	0.8465007532	0.3571927847
314	0.8467183689	0.3569632565
315	0.8467444152	0.3567235325
316	0.8468575469	0.3564570174
317	0.8464827837	0.3563545429
318	0.8467965628	0.3562043274
319	0.8466047486	0.3559915485
320	0.8470667467	0.3557680891
321	0.8470667467	0.3556023387
322	0.8471277893	0.3553767012
323	0.8469098148	0.355111597
324	0.8471277893	0.3550745601
325	0.8472236359	0.3549526851
326	0.8475900416	0.3547849608
327	0.8479037279	0.3547001459
328	0.8479994084	0.3545430968
329	0.8478772376	0.3542838422
330	0.8484083822	0.3539815227
331	0.8488362579	0.3536285601
332	0.8487751064	0.3534495658
333	0.8487751064	0.3534379201
334	0.8484961727	0.3532343232
335	0.8491421478	0.3529986895
336	0.8491763976	0.3528348087
337	0.8490466684	0.3525825537
338	0.8490466684	0.3523193534
339	0.8492645655	0.3518896807
340	0.8494212095	0.351680654
341	0.8491421478	0.3513108827
342	0.8492033522	0.3511806115
343	0.8490735904	0.3509584042
344	0.8491078787	0.3508166287
345	0.8493185787	0.3505872253
346	0.8500065923	0.3503919352
347	0.8496661627	0.3501778832
348	0.8501018879	0.3499648956
349	0.8498568405	0.3498843043
350	0.8497343698	0.349757346
351	0.8497615214	0.3495486331
352	0.8496320304	0.3492917139
353	0.8496661627	0.3491921941
354	0.8496933055	0.3490831089
355	0.849536598	0.3489299393
356	0.8495024127	0.3488001612
357	0.8496863263	0.3486371962
358	0.8501498057	0.3485326963
359	0.8505859965	0.3483315773
360	0.8506812667	0.3481126404
361	0.8506812667	0.3479127283
362	0.8507426539	0.3476832232
363	0.8506812667	0.3473879443
364	0.8506473895	0.3471746679
365	0.8507702023	0.3470806968
366	0.8511726121	0.3468846629
367	0.8508930505	0.346544614
368	0.8506134933	0.3461216888
369	0.8510220753	0.3458794626
370	0.8515531064	0.3456841323
371	0.8514858398	0.3455367721
372	0.8517988968	0.3454819001
373	0.8516423897	0.3452303592
374	0.8521732588	0.3449930732
375	0.8523911283	0.344867856
376	0.8526089699	0.3447731505
377	0.8522013053	0.3444686937
378	0.8522293716	0.3442975811
379	0.8525371201	0.3440241558
380	0.852380578	0.3437476724
381	0.85293999	0.3435005309
382	0.8525371201	0.3433024462
383	0.8535656072	0.3430872396
384	0.8543714667	0.3428944542
385	0.8541576515	0.3427873472
386	0.8539684755	0.3425923245
387	0.8539971792	0.3425194826
388	0.8537791417	0.3424091096
389	0.8539025045	0.3422187308
390	0.8541822722	0.3420902104
391	0.8541822722	0.3419419905
392	0.8541493372	0.3418488452
393	0.8548653437	0.3416418308
394	0.8546144681	0.3413295098
395	0.8545198539	0.3411996566
396	0.8543345554	0.341009117
397	0.8547090427	0.3408251379
398	0.8548653437	0.3407003566
399	0.8546144681	0.3405274005
400	0.8547708146	0.3403057448
401	0.8545198539	0.3401309334
402	0.8544869904	0.3399828068
403	0.854643431	0.3397947813
404	0.8551089421	0.3396046894
405	0.8559197734	0.3394394167
406	0.8561054635	0.3392459021
407	0.855949205	0.3390727993
408	0.8560111167	0.3389859726
409	0.8561054635	0.3388072478
410	0.8566978381	0.3385889798
411	0.8566978381	0.3385295652
412	0.8566655872	0.338344233
413	0.8567275434	0.3380964376
414	0.8571017607	0.3377368798
415	0.8571958494	0.3375011044
416	0.8572257291	0.3373344428
417	0.8574437973	0.3371611484
418	0.8581598788	0.3369704663
419	0.8584081475	0.3367912747
420	0.8581901044	0.33656567
421	0.8579401238	0.3364233717
422	0.8582521822	0.3361908202
423	0.8586882639	0.3360118041
424	0.8587199502	0.3358460629
425	0.8588757877	0.3357071035
426	0.8590621086	0.3355727744
427	0.8588757877	0.3354922609
428	0.8587199502	0.3354316834
429	0.8587199502	0.3353303672
430	0.8588441496	0.3351909219
431	0.8586261625	0.3351000185
432	0.859187335	0.3349246419
433	0.8590315826	0.334767406
434	0.8592494386	0.3345974936
435	0.8594664767	0.3343651071
436	0.8596222486	0.3341348909
437	0.8600889139	0.333894707
438	0.8607736864	0.3336486606
439	0.8612091991	0.33354052
440	0.8606803421	0.3334098166
441	0.8608048321	0.3331228085
442	0.8608981639	0.3330410692
443	0.8612095151	0.3327780239
444	0.8619876628	0.332621623
445	0.8620500133	0.3323476084
446	0.8622054548	0.3321772742
447	0.8621431016	0.3320273606
448	0.8622054548	0.3318573741
449	0.8619876628	0.3316744801
450	0.861707513	0.3315523745
451	0.8624538517	0.3313815639
452	0.8621431016	0.3311981869
453	0.8623619014	0.3309456888
454	0.8623619014	0.3308509225
455	0.8624549582	0.3307822358
456	0.8624549582	0.3305333834
457	0.8622995058	0.3303770918
458	0.8627033407	0.3302542038
459	0.8627033407	0.3301820593
460	0.8628905522	0.3301160281
461	0.8628905522	0.3300621291
462	0.8632635979	0.3298730786
463	0.8631083072	0.3297586613
464	0.8638218986	0.3296105779
465	0.8640394155	0.3294598705
466	0.8640394155	0.3294133142
467	0.8638218986	0.3290973306
468	0.8643193659	0.3289930936
469	0.8640394155	0.3288527499
470	0.8641018653	0.3286781265
471	0.8636989445	0.3285438373
472	0.8640717051	0.3283993637
473	0.8645368386	0.3282656672
474	0.8644142496	0.328125205
475	0.8646618121	0.327994494
476	0.8642892688	0.327908784
477	0.8638541134	0.3277557898
478	0.8636989445	0.3276279301
479	0.8636989445	0.3272669015
480	0.8633884796	0.3270122642
481	0.8638238731	0.3268287881
482	0.8642892688	0.3265769859
483	0.8641966625	0.3263781428
484	0.8645693022	0.3260993976
485	0.8651293824	0.3258337036
486	0.8651293824	0.3256554982
487	0.8651293824	0.3255011311
488	0.8652872218	0.3253798289
489	0.8655643285	0.3251919603
490	0.866032147	0.3250504516
491	0.8658772768	0.3248139834
492	0.8660651544	0.3246659625
493	0.8660025195	0.3244791867
494	0.8663453349	0.3242153485
495	0.8663748684	0.3240336208
496	0.8666882054	0.3238333767
497	0.8665333564	0.3236797228
498	0.8667176449	0.3235803785
499	0.8667176449	0.3235342526
500	0.8673406334	0.3234011929
501	0.8673406334	0.3233660627
502	0.8674953212	0.3232330665
503	0.8679928098	0.3230373557
504	0.8672779128	0.3228687616
505	0.8672779128	0.3227201636
506	0.8671859034	0.3225625925
507	0.8674661019	0.3223213586
508	0.8674368661	0.3221680791
509	0.8674076139	0.3220579073
510	0.8676543726	0.3219264691
511	0.8678135828	0.3217633674
512	0.8680020638	0.3215195707
513	0.8679101	0.3213850455
514	0.8682196757	0.3212285455
515	0.8685630059	0.3210744299
516	0.8685630059	0.3208767742
517	0.8688434837	0.3207847747
518	0.8686548154	0.32064455
519	0.8688094604	0.3204481448
520	0.8685001282	0.3202498652
521	0.8689063914	0.3200537376
522	0.8689693082	0.3198436886
523	0.8690034051	0.3197118881
524	0.8689116027	0.3196365482
525	0.8688486547	0.3195674404
526	0.8690034051	0.3194592525
527	0.8691581131	0.3193478943
528	0.8693127788	0.3191897582
529	0.8696849444	0.3190093078
530	0.8699368795	0.3188941272
531	0.8696906505	0.3187660312
532	0.8695016736	0.3185222706
533	0.8695359693	0.3183564276
534	0.869873882	0.3181340457
535	0.8697536611	0.3180182354
536	0.8703435227	0.317920164
537	0.8704980424	0.3176563395
538	0.8701889606	0.3174881184
539	0.8701259266	0.3172827772
540	0.8704411879	0.3171508135
541	0.8700343563	0.3169288658
542	0.8702520037	0.316722356
543	0.869788056	0.3166247054
544	0.870813375	0.3164619547
545	0.8706588424	0.3163285454
546	0.8706588424	0.316237709
547	0.8705673563	0.3160600459
548	0.8704473803	0.3159045552
549	0.87057363	0.3157988221
550	0.870665173	0.315645536
551	0.870819803	0.3154428954
552	0.8710092342	0.315245545
553	0.8709460813	0.3151274972
554	0.8710375279	0.3150017914
555	0.8711987477	0.3148703407
556	0.8708545964	0.314770996
557	0.8711987477	0.3146253194
558	0.8721329963	0.3143543742
559	0.8719152736	0.3142408689
560	0.8720417505	0.3140844616
561	0.8719785074	0.313982376
562	0.8724139481	0.3139213394
563	0.8724139481	0.3137976294
564	0.8728770491	0.3135881678
565	0.8728770491	0.3134110884
566	0.8726872821	0.3132280264
567	0.8725329649	0.3130946198
568	0.8726872821	0.3129543654
569	0.8726872821	0.3128422367
570	0.8730590412	0.3126709618
571	0.8730946081	0.31253932
572	0.8735378009	0.3124153773
573	0.8736562695	0.3121932298
574	0.8735020589	0.3119303716
575	0.8735929512	0.3117107614
576	0.8738379267	0.3114983738
577	0.8740553223	0.311232754
578	0.8739286982	0.3111287907
579	0.8741460425	0.3109854613
580	0.8738379267	0.3107839893
581	0.8744900295	0.3105883996
582	0.8747073411	0.3104071689
583	0.8746439895	0.310261639
584	0.8747979075	0.3101157962
585	0.8748884359	0.310008722
586	0.8753591083	0.3098075974
587	0.875422504	0.3096964214
588	0.8759203271	0.3094208791
589	0.8756761789	0.309289884
590	0.8762376061	0.3090939974
591	0.8762107955	0.3089915235
592	0.8761204638	0.3088426342
593	0.8760300942	0.3087630337
594	0.8759396867	0.3085534614
595	0.876066735	0.3084608408
596	0.8765651997	0.3083224651
597	0.8769097947	0.3081763489
598	0.8768462033	0.3081427961
599	0.8768195374	0.3079412531
66841115
