iter	Passed	Remaining
0	157	94390
1	171	51249
2	185	36853
3	198	29628
4	211	25178
5	224	22202
6	237	20146
7	250	18553
8	264	17378
9	277	16359
10	289	15496
11	306	15029
12	321	14516
13	333	13968
14	347	13537
15	359	13138
16	373	12818
17	389	12600
18	402	12308
19	415	12054
20	428	11809
21	440	11582
22	453	11386
23	467	11212
24	483	11116
25	497	10980
26	510	10833
27	524	10716
28	537	10589
29	551	10470
30	564	10367
31	578	10259
32	591	10163333	604	10063334	625	1003335	637	9983336	651	9903737	666	9863838	679	9773939	695	9734040	709	9674441	723	9604442	745	9654343	760	9610
44	777	9587
45	792	9539
46	807	9497
47	821	9452
48	838	9423
49	851	9365
50	865	9318
51	879	9270
52	893	9225
53	908	9181
54	921	9129
55	940	9132
56	953	9078
57	966	9032
58	981	8997
59	997	8978
60	1010	8931
61	1024	8887
62	1040	8870
63	1054	8830
64	1069	8806
65	1084	8772
66	1100	8754
67	1115	8723
68	1128	8685
69	1143	8654
70	1156	8614
71	1169	8577
7272	1186	85673	1198	8519
74	1211	8479
75	1228	8470
76	1245	8457
77	1258	8423
78	1272	8390
79	1286	8364
80	1301	8337
81	1316	8316
82	1337	8332
83	1351	8301
84	1364	8266
85	1381	8255
86	1394	8225
87	1407	8188
88	1421	8159
89	1433	8125
90	1447	8098
91	1462	8075
92	1477	8055
93	1490	8024
94	1504	7998
95	1523	7999
96	1535	7963
97	1550	7943
98	1563	7912
99	1578	7890
100	1591	7863
101	1606	7842
102	1618	7811
103	1631	7779
104	1642	7745
105	1655	7714
106	1669	7691
107	1685	7676
108	1697	7644
109	1708	7609
110	1718	7572
111	1729	7537
112	1740	7501
113	1752	7469
114	1763	7436
115	1776	7411
116	1787	7379
117	1799	7348
118	1810	7316
119	1821	7285
120	1832	7252
121	1843	7221
122	1853	7189
123	1865	7161
124	1877	7134
125	1888	7105
126	1900	7076
127	1911	7049
128	1923	7023
129	1935	6998
130	1947	6971
131	1957	6940
132	1968	6912
133	1980	6886
134	1991	6860
135	2002	6833
136	2014	6808
137	2025	6782
138	2036	6752
139	2046	6724
140	2058	6699
141	2069	6675
142	2081	6653
143	2092	6625
144	2104	6603
145	2115	6579
146	2123	6543
147	2134	6519
148	2146	6497
149	2157	6473
150	2169	6449
151	2180	6425
152	2191	6402
153	2202	6379
154	2213	6355
155	2225	6333
156	2236	6311
157	2248	6289
158	2259	6265
159	2270	6243
160	2281	6220
161	2291	6196
162	2302	6172
163	2313	6151
164	2325	6130
165	2336	6107
166	2346	6085
167	2357	6062
168	2368	6041
169	2380	6021
170	2392	6001
171	2403	5981
172	2414	5960
173	2425	5938
174	2436	5917
175	2447	5896
176	2458	5875
177	2470	5856
178	2481	5836
179	2492	5815
180	2503	5794
181	2514	5774
182	2524	5752
183	2535	5733
184	2547	5714
185	2558	5695
186	2570	5677
187	2582	5658
188	2593	5639
189	2604	5620
190	2615	5600
191	2626	5581
192	2637	5561
193	2649	5545
194	2660	5526
195	2672	5507
196	2682	5488
197	2694	5470
198	2706	5452
199	2717	5434
200	2728	5416
201	2739	5398
202	2751	5380
203	2763	5363
204	2775	5348
205	2787	5330
206	2799	5314
207	2809	5295
208	2821	5277
209	2831	5259
210	2842	5241
211	2854	5224
212	2865	5206
213	2876	5188
214	2888	5171
215	2899	5154
216	2910	5137
217	2922	5120
218	2932	5102
219	2943	5083
220	2954	5067
221	2965	5049
222	2977	5033
223	2988	5016
224	2999	4999
225	3011	4983
226	3022	4966
227	3033	4949
228	3045	4933
229	3056	4916
230	3068	4900
231	3079	4884
232	3090	4868
233	3102	4852
234	3114	4836
235	3126	4822
236	3137	4805
237	3148	4789
238	3160	4773
239	3171	4756
240	3182	4741
241	3193	4724
242	3204	4708
243	3216	4692
244	3228	4677
245	3239	4661
246	3250	4645
247	3262	4630
248	3273	4614
249	3284	4598
250	3295	4582
251	3306	4566
252	3317	4550
253	3328	4534
254	3340	4519
255	3351	4503
256	3362	4488
257	3373	4471
258	3384	4455
259	3395	4440
260	3407	4425
261	3418	4409
262	3429	4394
263	3440	4378
264	3452	4364
265	3464	4349
266	3475	4334
267	3486	4319
268	3498	4304
269	3510	4290
270	3520	4274
271	3532	4260
272	3544	4245
273	3555	4230
274	3566	4214
275	3576	4199
276	3588	4184
277	3600	4169
278	3611	4155
279	3622	4140
280	3634	4126
281	3645	4111
282	3657	4097
283	3669	4082
284	3680	4067
285	3690	4052
286	3701	4037
287	3713	4022
288	3725	4008
289	3736	3993
290	3747	3979
291	3759	3965
292	3771	3951
293	3782	3936
294	3793	3922
295	3804	3907
296	3815	3893
297	3826	3878
298	3837	3863
299	3848	3848
300	3860	3834
301	3871	3820
302	3882	3805
303	3894	3792
304	3905	3777
305	3916	3763
306	3928	3749
307	3939	3735
308	3951	3721
309	3963	3707
310	3974	3693
311	3986	3679
312	3997	3665
313	4009	3651
314	4021	3638
315	4033	3625
316	4045	3611
317	4056	3597
318	4067	3582
319	4079	3569
320	4090	3555
321	4102	3541
322	4113	3527
323	4124	3513
324	4135	3499
325	4147	3485
326	4159	3472
327	4170	3458
328	4182	3445
329	4194	3431
330	4206	3418
331	4218	3405
332	4229	3391
333	4240	3376
334	4251	3363
335	4263	3350
336	4274	3336
337	4286	3322
338	4298	3309
339	4310	3296
340	4322	3283
341	4334	3270
342	4345	3256
343	4357	3243
344	4369	3229
345	4380	3215
346	4391	3202
347	4403	3188
348	4415	3175
349	4426	3161
350	4437	3147
351	4449	3134
352	4460	3120
353	4471	3106
354	4481	3093
355	4493	3079
356	4504	3065
357	4515	3052
358	4526	3038
359	4538	3025
360	4549	3011
361	4560	2998
362	4571	2984
363	4583	2971
364	4594	2958
365	4604	2943
366	4615	2930
367	4627	2917
368	4637	2903
369	4649	2890
370	4661	2877
371	4673	2864
372	4684	2851
373	4696	2837
374	4708	2824
375	4719	2811
376	4730	2798
377	4742	2785
378	4753	2772
379	4766	2759
380	4777	2746
381	4789	2733
382	4799	2719
383	4811	2706
384	4822	2693
385	4833	2679
386	4845	2666
387	4855	2653
388	4866	2639
389	4877	2626
390	4888	2613
391	4899	2599
392	4911	2586
393	4922	2573
394	4934	2561
395	4946	2548
396	4956	2534
397	4968	2521
398	4979	2508
399	4990	2495
400	5002	2482
401	5014	2469
402	5026	2457
403	5037	2443
404	5048	2430
405	5058	2417
406	5070	2404
407	5081	2391
408	5093	2378
409	5105	2366
410	5117	2353
411	5128	2340
412	5140	2327
413	5152	2314
414	5164	2302
415	5175	2289
416	5186	2276
417	5198	2263
418	5208	2249
419	5220	2237
420	5232	2224
421	5243	2211
422	5254	2198
423	5265	2185
424	5277	2173
425	5289	2160
426	5301	2147
427	5312	2134
428	5323	2121
429	5335	2109
430	5345	2096
431	5357	2083
432	5368	2070
433	5379	2057
434	5390	2044
435	5402	2032
436	5413	2019
437	5425	2006
438	5437	1994
439	5448	1981
440	5459	1968
441	5470	1955
442	5481	1942
443	5493	1930
444	5504	1917
445	5516	1904
446	5527	1891
447	5537	1878
448	5549	1866
449	5560	1853
450	5572	1840
451	5582	1827
452	5593	1814
453	5610	1804
454	5622	1791
455	5635	1779
456	5647	1767
457	5661	1755
458	5681	1745
459	5693	1732
460	5705	1720
461	5717	1707
462	5730	1695
463	5741	1682
464	5752	1670
465	5771	1659
466	5791	1649
467	5804	1637
468	5827	1627
469	5837	1614
470	5847	1601
471	5858	1588
472	5868	1575
473	5885	1564
474	5899	1552
475	5911	1539
476	5923	1527
477	5936	1515
478	5946	1502
479	5957	1489
480	5968	1476
481	5978	1463
482	5988	1450
483	5998	1437
484	6008	1424
485	6019	1411
486	6029	1398
487	6038	1385
488	6047	1372
489	6056	1359
490	6066	1346
491	6074	1333
492	6084	1320
493	6093	1307
494	6103	1294
495	6112	1281
496	6122	1268
497	6131	1255
498	6143	1243
499	6152	1230
500	6162	1217
501	6171	1204
502	6181	1192
503	6190	1179
504	6200	1166
505	6210	1153
506	6220	1141
507	6230	1128
508	6240	1115
509	6256	1104
510	6270	1092
511	6284	1080
512	6300	1068
513	6311	1056
514	6323	1043
515	6333	1031
516	6343	1018
517	6354	1005
518	6364	993
519	6374	980
520	6384	968
521	6394	955
522	6403	942
523	6412	930
524	6422	917
525	6431	904
526	6439	891
527	6448	879
528	6456	866
529	6465	853
530	6474	841
531	6483	828
532	6493	816
533	6502	803
534	6512	791
535	6521	778
536	6529	766
537	6538	753
538	6547	741
539	6558	728
540	6567	716
541	6577	703
542	6587	691
543	6597	679
544	6605	666
545	6614	654
546	6623	641
547	6632	629
548	6641	616
549	6650	604
550	6660	592
551	6669	579
552	6679	567
553	6688	555
554	6698	543
555	6707	530
556	6716	518
557	6725	506
558	6735	493
559	6744	481
560	6754	469
561	6762	457
562	6771	445
563	6780	432
564	6788	420
565	6798	408
566	6807	396
567	6816	384
568	6825	371
569	6836	359
570	6846	347
571	6855	335
572	6864	323
573	6873	311
574	6882	299
575	6891	287
576	6900	275
577	6909	262
578	6919	250
579	6927	238
580	6933	226
581	6940	214
582	6947	202
583	6954	190
584	6961	178
585	6968	166
586	6975	154
587	6982	142
588	6988	130
589	6995	118
590	7001	106
591	7007	94
592	7014	82
593	7019	70
594	7025	59
595	7031	47
596	7036	35
597	7044	23
598	7050	11
599	7058	0
